2023150067,刘涛,男
2023150100,陈勇,男
2023150068,张艳,女
2023150069,王鹏,男
2023150063,刘伟,男
2023150064,杨娜,女
2023150065,吴浩,男
2023150066,刘伟,男
2023150070,赵超,男
2023150071,王杰,男
2023150072,张慧,女
2023150073,李浩,男
2023150056,李勇,男
2023150057,刘浩,男
2023150058,周慧,女
2023150059,吴磊,男
2023150052,王勇,男
2023150053,黄娟,女
2023150054,陈娟,女
2023150055,王娟,女
2023150060,李婷,女
2023150061,赵艳,女
2023150062,刘杰,男
2023150001,李文俊,男
2023150089,陈伟,男
2023150002,刘浩,男
2023150003,赵芳,女
2023150004,刘雪,女
2023150085,吴芳,女
2023150086,吴敏,女
2023150087,刘丽,女
2023150088,赵杰,男
2023150009,陈勇,男
2023150005,陈强,男
2023150006,李丽,女
2023150007,李娟,女
2023150008,王敏,女
2023150092,杨静,女
2023150093,赵芳,女
2023150094,黄磊,男
2023150095,刘浩,男
2023150090,黄勇,男
2023150091,张丽,女
2023150078,周雪,女
2023150079,李丽,女
2023150074,张娜,女
2023150075,张婷,女
2023150076,王敏,女
2023150077,周勇,男
2023150081,张伟,男
2023150082,黄娜,女
2023150083,赵静,女
2023150084,陈超,男
2023150080,刘娜,女
2023150023,杨鑫,男
2023150024,赵杰,男
2023150025,杨浩,男
2023150026,陈鹏,男
2023150020,李伟,男
2023150021,李芳,女
2023150022,赵磊,男
2023150027,刘敏,女
2023150028,周鑫,男
2023150029,李敏,女
2023150012,黄勇,男
2023150013,杨婷,女
2023150014,陈磊,男
2023150015,张娜,女
2023150096,吴磊,男
2023150097,吴雪,女
2023150010,周鹏,男
2023150098,王娜,女
2023150011,黄静,女
2023150099,赵慧,女
2023150016,吴鑫,男
2023150017,周敏,女
2023150018,周娟,女
2023150019,赵慧,女
2023150045,刘慧,女
2023150046,杨丽,女
2023150047,杨伟,男
2023150048,陈鑫,男
2023150041,陈伟,男
2023150042,吴浩,男
2023150043,杨强,男
2023150044,杨敏,女
2023150049,陈涛,男
2023150050,吴敏,女
2023150051,陈婷,女
2023150034,吴娜,女
2023150035,杨敏,女
2023150036,周娟,女
2023150037,杨雪,女
2023150030,吴杰,男
2023150031,周杰,男
2023150032,黄艳,女
2023150033,陈丽,女
2023150038,黄艳,女
2023150039,黄杰,男
2023150040,赵艳,女
